Adele ,30 (Amazon Exclusive White Vinyl),$36.08
Taylor Swift ,Red Taylor's Version,$45.77
Kid Cudi ,Man On The Moon III: The Chosen,$25.97
Eagles ,Live at the Forum '76,$27.49
Notorious B.I.G. ,Ready To Die,$31.98
The Beatles ,Let It Be,$23.22
Robert Plant/Alison Krauss ,Raise The Roof,$25.89
The Beatles ,Let It Be Super Deluxe Vinyl,$131.61
Bo Burnham ,INSIDE The Songs,$11.99
Ed Sheeran ,=,$23.37
Various Artists ,Licorice Pizza Soundtrack,$30.97
ABBA ,Voyage,$21.91
Neil Young & Crazy Horse ,Barn,$23.99
Norah Jones ,I Dream Of Christmas White,$21.98
Bruce Springsteen & The E Street Band ,The Legendary 1979 No Nukes Concerts,$33.24
John Coltrane ,A Love Supreme: Live In Seattle,$29.60
Cody Johnson ,Human The Double Album,$29.59
Nathaniel Rateliff & The Night Sweats ,The Future,$23.47
The Doors ,L.A. Woman 50th Anniversary,$59.86
Art Blakey & The Jazz Messengers ,The Big Beat Blue Note Classic Series,$23.42
Tony Bennett & Lady Gaga ,Love For Sale Cream,$24.77
Snoh Aalegra ,TEMPORARY HIGHS IN THE VIOLET SKIES,$29.88
Radiohead ,KID A MNESIA,$76.99
Alabama Shakes ,Sound & Color Deluxe Purple & Magenta,$27.92
Carrie Underwood ,Greatest Hits: Decade #1,$25.44
Coldplay ,Music Of The Spheres Recycled Coloured,$22.27
R.E.M. ,New Adventures In Hi-Fi,$29.58
Ella Fitzgerald ,Ella Wishes You A Swinging Christmas Verve Acoustic Sounds Series,$31.49
Ice Nine Kills ,Welcome To Horrorwood: The Silver Scream 2,$26.49
Earth Wind & Fire ,Their Ultimate Collection,$33.63
Kris Bowers and Vitamin String Quartet ,Bridgerton Music From The Netflix Original Series,$23.49
Billy Strings ,Renewal,$41.70
Pink Floyd ,A Momentary Lapse Of Reason Remixed & Updated,$34.42
Tony Bennett ,Snowfall: The Tony Bennett Christmas Album,$19.89
Lady Gaga ,BORN THIS WAY THE TENTH ANNIVERSARY,$49.49
The Black Keys ,El Camino 10th Anniversary,$40.49
Snail Mail ,Valentine,$22.49
NEEDTOBREATHE ,Into The Mystery,$20.72
Herbie Nichols ,The Prophetic Herbie Nichols Vol. 1 & 2 Blue Note Classic Series,$23.99
The Weeknd ,The Highlights,$50.99
P!nk ,All I Know So Far: Setlist,$22.99
Dixie Chicks ,The Essential Chicks,$30.99
Alabama Shakes ,Sound & Color Deluxe Pink/Black & Magenta/Black Tie-D,$31.51
Bryson Tiller ,T R A P S O U L Deluxe,$46.99
Various Artists ,80s: The Songs / Various,$30.02
Mastodon ,Hushed and Grim,$29.99
Nirvana ,Nevermind 30th (1LP + 7in),$12.83
Jimmy Smith ,Home Cookin' Blue Note Classic Series,$25.98
Mac Miller ,Faces,$25.98
Bryson Tiller ,A N N I V E R S A R Y Deluxe,$26.09
Sugarcult ,Start Static,$13.24
Magdalena Bay ,Mercurial World,$21.99
Shakira ,Laundry Service,$30.86
Shunsuke Kida ,Demon's Souls Original Soundtrack,$27.69
Utada ,One Last Kiss,$28.72
Horace Silver ,6 Pieces Of Silver Blue Note Classic Series,$23.36
My Morning Jacket ,My Morning Jacket Clear,$23.84
Reuben Wilson ,Love Bug Blue Note Classic Series,$23.99
James Blake ,Friends That Break Your Heart,$29.99
FINNEAS ,Optimist,$20.99
Duran Duran ,FUTURE PAST,$17.79
Neil Young & Crazy Horse ,Barn,$64.82
Billy Idol ,Happy Holidays,$22.49
Twenty One Pilots ,Scaled & Icy Clear I,$26.89
Katy Perry ,"Cozy Little Christmas [Translucent Red 7"" Single] [Amazon Exclusive]",$11.98
Billy Joel ,"The Collection, Vol. 1",$190.99
Frank Zappa ,200 Motels Soundtrack 50th Anniversary,$35.98
Idles ,Crawler,$21.99
Carrie Underwood ,My Gift Crystal Clear,$28.68
Oasis ,Knebworth 1996,$51.67
Bill Withers ,His Ultimate Collection Limited Blue,$29.99
The Rolling Stones ,Tattoo You 2021,$22.95
"NICKS,STEVIE ",Live In Concert: The 24 Karat Gold Tour Limited Blue & White Splatter,$34.62
Bill Charlap Trio ,Street Of Dreams,$20.49
ABBA ,Voyage Orange,$52.95
Blxst ,No Love Lost Deluxe,$17.99
Mouse Rat ,The Awesome Album,$22.11
The Rolling Stones ,Tattoo You 2021,$31.68
Sting ,The Bridge,$23.97
Gov't Mule ,Heavy Load Blues,$27.82
Spiritbox ,Eternal Blue,$22.99
Kylie Minogue ,DISCO Extended Mixes,$31.99
Brian Wilson ,At My Piano,$25.98
Green Day ,BBC Sessions,$30.99
Twenty One Pilots ,Scaled and Icy,$30.99
Art Blakey & The Jazz Messengers ,First Flight To Tokyo: The Lost 1961 Recordings,$21.99
Donald Byrd ,Places And Spaces Blue Note Classic Series,$23.49
Freddie Hubbard ,Ready For Freddie Blue Note Classic Series,$23.04
KISS ,Destroyer 45th Anniversary Deluxe,$35.66
Ozzy Osbourne + Motorhead ,Hellraiser,$35.66
Cat Stevens ,Teaser And The Firecat,$22.83
Grateful Dead ,"Fox Theatre, St. Louis, MO 12/10/71",$96.50
Sharon Jones & The Dap-Kings ,It's A Holiday Soul Party Candy Cane,$19.19
Reba McEntire ,Revived Remixed Revisited,$61.52
Béla Fleck ,My Bluegrass Heart,$27.41
Whitney Houston ,I Will Always Love You: The Best Of Whitney Houston,$28.62
Lil Baby/Lil Durk ,The Voice Of The Heroes,$27.98
Jerry Garcia/John Kahn ,"GarciaLive Volume 14: January 27th, 1986 The Ritz",$22.87
Trans-Siberian Orchestra ,Christmas Eve and Other Stories,$31.68
David Bowie ,Brilliant Adventure 1992 – 2001,$341.98
Marias ,Superclean Vol. 1 & 2,$341.98
Can ,LIVE IN BRIGHTON 1975 Inca Gold,$41.90
Jerry Garcia Band ,Jerry Garcia Band 30th Anniversary,$59.62
Curtis Harding ,If Words Were Flowers,$22.99
Pistol Annies ,Hell Of A Holiday,$22.16
for KING & COUNTRY ,A Drummer Boy Christmas,$23.48
Various Artists ,90s: The Songs / Various,$29.97
Sam Fender ,Seventeen Going Under Red,$37.82
Billy Preston ,Encouraging Words,$22.94
Dr. Lonnie Smith ,Breathe,$25.49
Ingrid Michaelson ,Ingrid Michaelson's Songs For The Season,$26.71
Parcels ,Day/Night,$31.42
Genesis ,The Last Domino?,$69.42
Volbeat ,Servant Of The Mind,$38.99
Garbage ,beautifulgarbage 20th Anniversary Deluxe,$44.10
BadBadNotGood ,Talk Memory,$26.96
Kenny Cox ,Introducing Kenny Cox... Blue Note Classic Series,$25.98
Over Kill ,The Atlantic Albums 1986-1994,$160.56
Zach Bryan ,DeAnn,$160.56
Ringo Starr ,Change The World - EP,$12.99
David Crosby ,If I Could Only Remember My Name,$22.49
Dave Chappelle ,8:46,$14.79
Sigur Rós ,Ágætis byrjun,$14.79
James Taylor & Carole King ,Live At The Troubadour,$11.39
Sly & The Family Stone ,There’s A Riot Goin’ On,$21.49
DMX ,DMX: The Legacy,$26.98
Eva Cassidy ,Live At Blues Alley,$33.99
Jarvis Cocker ,CHANSONS d'ENNUI Tip-Top,$27.98
Dream Theater ,A View From The Top Of The World,$41.99
Judas Priest ,Reflections - 50 Heavy Metal Years of Music,$33.69
The War on Drugs ,I Don’t Live Here Anymore,$16.69
Elvis Presley ,Back In Nashville,$23.25
"Christone ""kingfish"" Ingram ",662,$17.99
Brett Eldredge ,Mr. Christmas,$19.89
Various Artists ,Shang-Chi And The Legend Of The Ten Rings: The Album,$21.99
Khruangbin ,Mordechai Remixes,$22.79
All That Remains ,The Fall Of Ideals,$21.66
Johnny Cash ,"Bear's Sonic Journals: Johnny Cash, At the Carousel Ballroom, April 24, 1968",$27.66
Declan Mckenna ,What Do You Think About the Car?,$22.98
Bobbi Humphrey ,Fancy Dancer Blue Note Classic Series,$23.21
Primus ,Green Naugahyde 10th Anniversary Ghostly Green,$31.47
Guardians of the Galaxy Vol 1 / O.S.T. ,Guardians of the Galaxy Original Soundtrack,$58.45
Joe Bonamassa ,Time Clocks [Transparent Yellow/Black Swirl 2 LP],$38.98
DMX ,Exodus,$22.76
Pat Metheny ,Side-Eye NYC V1.IV,$25.48
The Monkees ,"Pisces, Aquarius, Capricorn & Jones LTD. Violet Limited Anniversary Edition",$34.98
Tesla ,Mechanical Resonance,$24.98
Gillian Welch & David Rawlings ,All The Good Times,$24.98
Courtney Barnett ,"Things Take Time, Take Time ""ALL EYES ON THE PAVEMENT BLUE""",$22.98
Bad Suns ,Language & Perspective,$20.67
U2 ,Achtung Baby,$48.88
Starship ,Greatest Hits Relaunched,$23.49
Exodus ,Persona Non Grata Red & Mustard w/ Black Splatter,$32.26
Ice Nine Kills ,Every Trick In The Book,$24.98
Elton John ,The Lockdown Sessions [Blue Colourway VINYL],$47.61
Hall & Oates ,Live at The Troubadour,$37.49
Parquet Courts ,Sympathy for Life,$22.99
James Arthur ,Back from the Edge,$34.49
Frankie Valli & The Four Seasons ,Anthology-Greatest Hits Audiophile Limited Anniversary Edition,$53.22
M. Ward and She & Him ,A Very She & Him Christmas 10th Anniversary,$9.79
New Pornographers ,Mass Romantic,$22.99
Wiz Khalifa ,Rolling Papers Deluxe 10 Year Anniversary Edition,$26.99
Fela Kuti ,5 curated by Chris Martin and Femi Kuti,$119.56
Ben Böhmer ,Begin Again,$29.98
Kurt Elling ,SuperBlue feat. Charlie Hunter,$22.49
Lana Del Rey ,Blue Banisters,$12.99
James Blunt ,The Stars Beneath My Feet 2004 - 2021,$30.99
Ari Lennox ,PHO,$30.99
Manchester Orchestra ,Christmas Songs Vol. 1 Holiday,$19.99
Allen Stone ,APART [Transparent Orange LP],$20.99
Ween ,GODWEENSATAN: Live Red & Blue Splatter,$39.98
Helado Negro ,Far In,$29.99
Demi Lovato ,Dancing With The Devil...The Art of Starting Over,$38.49
The Record Company ,Play Loud,$22.98
Houndmouth ,Good For You,$22.49
The Midnight ,Monsters PURPLE SPLATTER,$30.82
King Krule ,"You Heat Me Up, You Cool Me Down",$29.99
Skid Row ,The Atlantic Years 1989 - 1996,$173.00
Aesop Rock and Blockhead ,Garbology,$29.98
Kylie Minogue ,Fever Limited,$86.14
Kylie Minogue ,DISCO: Guest List Edition,$43.18
Darren Criss ,A Very Darren Crissmas,$22.63
Solange Knowles ,A Seat At The Table,$37.78
B.B. King ,Indianola Mississippi Seeds Translucent Red Audiophile Limited Anniversary Edition,$34.98
Diana Ross ,Thank You,$25.64
Spice Girls ,Spice - 25th Anniversary (Zoetrope Picture Disc),$42.53
Walk the Moon ,HEIGHTS,$20.99
GROUPER ,Shade,$22.98
Nat King Cole ,A Sentimental Christmas With Nat King Cole And Friends Cole Classics Reimagined,$18.98
Rebelution ,In The Moment,$29.98
Mannheim Steamroller ,Mannheim Steamroller Extraordinaire Anniversary Collection,$37.31
Eddie Money ,Take Me Home Tonight - The Best Of,$26.98
"John Carpenter,cody Carpenter,daniel Davies ",Halloween Kills Soundtrack,$19.49
Ice Nine Kills ,The Predator Becomes The Prey Translucent,$24.98
The Dave Clark Five ,Glad All Over,$26.98
Times of Grace ,Songs of Loss and Separation White,$17.20
Ween ,"At The Cat's Cradle, 1992 Milky Clear",$54.95
The Band ,Cahoots 50th Anniversary,$23.99
Christian McBride & Inside Straight ,Live at the Village Vanguard,$34.98
Hall & Oates ,Abandoned Luncheonette Translucent Red Audiophile Limited Anniversary Edition,$32.49
Black Label Society ,Doom Crew Inc. Black,$37.77
Ray Charles ,True Genius,$28.78
Allen Stone ,APART Coke Bottle Clear,$23.98
Naughty By Nature ,Naughty By Nature,$39.99
Allman Brothers Band ,"Bear's Sonic Journals: Fillmore East, February 1970",$23.99
Palace ,So Long Forever Martian Red,$35.16
Goldfrapp ,Head First,$26.99
Motörhead ,Everything Louder Forever - The Very Best Of,$80.45
Charles Mingus ,The Black Saint And The Sinner Lady Verve Acoustic Sounds Series,$41.38
Gerry Mulligan ,Night Lights,$41.38
Makaya McCraven ,Deciphering The Message,$22.99
The Rolling Stones ,Tattoo You 2021,$147.49
Parker McCollum ,Gold Chain Cowboy,$21.98
Whitechapel ,Kin,$37.18
Helmet ,Live and Rare,$26.98
Type O Negative ,October Rust,$8.97
Savatage ,Power Of The Night,$30.42
Sault ,Nine,$39.99
Eddie Vedder/Glen Hansard/Cat Power ,Flag Day Original Soundtrack,$25.96
Thrice ,Horizons/East,$20.99
Morgan Wade ,Reckless,$29.97
Garbage ,Garbage,$43.34
Danzig ,Danzig 5: Blackacidevil,$34.98
Dave Gahan & Soulsavers ,Imposter,$24.64
Little Mix ,Between Us,$36.97
Del Water Gap ,Del Water Gap LIGHT,$20.49
"Martinez,Cliff ",Drive | Soundtrack],$45.36
Saves the Day ,Ups & Downs: Early Recordings and B-Sides,$22.52
The White Stripes ,White Blood Cells,$25.47
Train ,Christmas In Tahoe Translucent Green,$25.49
Rod Stewart ,The Tears Of Hercules,$23.95
Various Artists ,The Best Of Bond...James Bond,$16.29
Green Lung ,Black Harvest,$22.98
Roxette ,Joyride: 30th Anniversary Deluxe,$28.99
Leslie Odom Jr. ,The Christmas Album,$23.99
"Various Artists, Tony Kaye, et al. ",A Tribute to Pink Floyd: Return To The Dark Side Of The Moon,$34.99
Violent Femmes ,Why Do Birds Sing?,$20.49
Lady A ,What A Song Can Do,$22.99
Through the Eyes of the Dead ,Bloodlust,$23.99
Hot Mulligan ,I Won't Reach Out to You,$23.99
Damon Albarn ,"The Nearer the Fountain, More Pure the Stream Flows",$22.98
Alan Parsons ,The Neverending Show: Live In The Netherlands,$33.49
Cat Stevens ,Teaser and The Firecat Super Deluxe: Vinyl Edition,$186.42
Elbow ,Flying Dream 1,$22.98
Moses Sumney ,Live From Blackalachia,$29.98
Lilys ,Better Can't Make Your Life Better,$22.64
Luis Miguel ,Romance,$39.90
Rend Collective ,A Jolly Irish Christmas Volume II,$21.98
Hayes Carll ,You Get It All,$22.98
Michael Bublé ,Christmas 10th Anniversary Super Deluxe Box,$157.25
Omara Portuondo ,Omara Portuondo Buena Vista Social Club Presents,$21.99
Eddie Hazel ,"Game, Dames and Guitar Thangs ELECTRIC",$26.99
Uncle Acid & the Deadbeats ,Blood Lust,$33.99
Steve Perry ,The Season,$22.99
Fit for an Autopsy ,Sea of Tragic Beasts Mint Green & Pink w/ Black Splatter,$23.99
Bush ,Razorblade Suitcase In Addition,$26.09
Abbath ,Outstrider Ltd. Clear,$23.99
Sum 41 ,Does This Look Infected Blue & Green Swirl,$55.69
"Olafsson,vikingur ",Mozart & Contemporaries,$36.22
Dawes ,North Hills Translucent Red,$23.49
The Hawks ,Obviously 5 Believe,$29.99
Elton John ,The Lockdown Sessions,$71.13
Lykke Li ,Wounded Rhymes Anniversary Edition,$23.68
Quicksand ,Distant Populations,$19.99
Thrice ,Beggars,$22.99
WAR ,Greatest Hits 2.0,$37.13
Deep Purple ,Turning To Crime Limited Crystal Clear,$35.98
Buck Owens ,Buck Owens COKE CLEAR,$21.99
cleopatrick ,BUMMER,$19.99
Lorna Shore ,...And I Return to Nothingness incl.,$34.50
Cradle Of Filth ,Existence Is Futile Silver/Black Splatter,$31.99
Jelly Cleaver ,Forever Presence,$22.99
Joni Mitchell ,Live At Carnegie Hall 1969,$49.32
Sam Smith ,In The Lonely Hour,$34.27
Gregory Porter ,Still Rising,$20.49
Velvet Underground ,The Velvet Underground,$28.99
Geese ,Projector,$18.99
Various Artists ,THE MATRIX-- Music from the Soundtrack CLEAR WITH RED & BLUE SWIRL,$49.98
Wilderado ,Wilderado,$23.98
Ty Segall ,Harmonizer,$23.99
Michael Hurley ,The Time of the Foxgloves,$22.98
Neal Francis ,In Plain Sight Cherry Red,$22.98
Charles Mingus ,Mingus Mingus Mingus Mingus Mingus Verve Acoustic Sounds Series,$48.89
Lorna Shore ,...And I Return To Nothingness - EP,$48.89
Sloppy Jane ,Madison,$19.99
Gary Allan ,Ruthless,$17.29
Mr. Bungle ,The Night They Came Home,$30.49
Maroon 5 ,Jordi,$45.04
Various Artists ,Best of AC/DC Redux Various,$32.98
La Luz ,La Luz Dark,$19.99
"Dale Bozzio, Missing Persons, et al. ","Life Is So Strange - Missing Persons, Frank Zappa, Prince & Beyond",$43.15
Various Artists ,Winter Tales,$21.49
Hooded Menace ,The Tritonus Bell,$33.25
Barney Wilen ,French Ballads,$32.99
The Band ,Cahoots 50th Anniversary,$133.83
AMERICA ,Hat Trick Limited Orange & Black Mixed With Poster,$28.09
Bob Marley ,Soul Revolution Part II,$23.99
Aeon Station ,Observatory (Cloudy Blue Vinyl),$19.98
Little Mix ,Between Us,$54.99
Brian Setzer ,Gotta Have The Rumble,$22.99
The Wombats ,The Wombats Proudly Present... This Modern Glitch,$31.04
Brian Fallon ,Night Divine,$19.99
Sam Fender ,Seventeen Going Under,$34.84
Aesop Rock ,Labor Days,$28.98
Aesop Rock ,Labor Days,$28.98
Popol Vuh ,Vol. 2 - Acoustic & Ambient Spheres,$81.99
Marie Osmond ,Unexpected Limited SIGNED,$27.98
Moses Sumney ,Live From Blackalachia Clear Green,$29.98
Porcupine Tree ,In Absentia 140gm,$58.45
King Gizzard & The Lizard Wizard ,Paper Mâché Dream Balloon Deluxe Lenticular/Instrumental Edition Blue Seagrass & Translucent Pink,$39.98
KIDZ BOP Kids ,KIDZ BOP 1 20th Birthday Edition,$26.99
Snarky Puppy ,Live at the Royal Albert Hall,$34.99
F.S.Blumm & Nils Frahm ,2X1=4,$17.54
Matt Berry ,Gather Up,$149.95
Joanne Shaw Taylor ,The Blues Album,$20.99
"FREDERIKSEN,LARS ",To Victory,$15.39
Sammy Hagar & The Circle ,Lockdown 2020,$17.97
Megadeth ,A Night In Buenos Aires Clear,$37.49
Sinead Harnett ,Ready Is Always Too Late,$20.98
Sodom ,M-16,$39.98
Black Veil Brides ,The Phantom Tomorrow Transparent Red,$23.99
Heroes Del Silencio ,En Directo EP,$36.82
Madball ,Legacy,$22.98
John Mayall ,The Turning Point Translucent Blue Audiophile Limited Anniversary Edition,$32.49
Black Label Society ,Blessed Hellride Opaque,$32.97
Eddie Vedder ,Long Way Single,$9.79
Bad Brains ,Rock For Light,$19.98
The Blues Brothers ,Briefcase Full Of Blues Translucent Blue Audiophile Limited Anniversary Edition,$33.98
Nothing More ,The Stories We Tell Ourselves,$23.99
Nick Cave & The Bad Seeds ,B-Sides & Rarities: Part II,$27.32
Nick Cave & The Bad Seeds ,B-Sides & Rarities: Part I & II Deluxe,$174.45
Kings of Convenience ,Quiet Is The New Loud,$29.34
"Joan As Police Woman,tony Allen,dave Okumu ",The Solution Is Restless,$12.79
Twenty One Pilots ,Blurryface,$28.99
Rina Sawayama ,SAWAYAMA Deluxe Clear,$43.95
Atmosphere ,WORD?,$25.49
Thulcandra ,A Dying Wish,$20.99
Modern Nature ,Island of Noise,$74.98
Tune in with Chewie ,Samus & Chill Original Soundtrack,$74.98
Andy Shauf ,Wilds,$22.99
Artillery ,By Inheritance Blue with Red Splatter,$22.49
Rival Sons ,Pressure & Time,$22.49
Sigur Rós ,Með suð í eyrum við spilum endalaust,$31.98
Travis ,The Invisible Band 20th Anniversary Deluxe Clear,$63.99
Les Claypool's Duo De Twang ,Four Foot Shack Gold Nugget,$29.98
Jake Shimabukuro ,Jake & Friends,$27.93
Samia ,Before The Baby,$18.69
Pokey LaFarge ,In The Blossom of Their Shade,$17.79
"New Age Doom & Lee ""Scratch"" Perry ","Lee ""Scratch"" Perry's Guide to the Universe",$24.99
The Chieftains ,Chronicles: 60 Years of The Chieftains,$35.92
The Long Blondes ,Someone To Drive You Home YELLOW &,$29.99
Old 97s ,Fight Songs ROG,$36.40
Emma Ruth Rundle ,Engine of Hell,$22.99
Lucinda Williams ,Lu's Jukebox Vol. 3: Bob's Back Pages: A Night of Bob Dylan Songs,$27.92
Armed ,"ULTRAPOP ORANGE ""GALAXY""",$27.99
MORTIFERUM ,Preserved In Torment,$30.00
Bullet for My Valentine ,Bullet For My Valentine,$22.99
Killer Be Killed ,Killer be Killed Blue &,$23.99
Seeyouspacecowboy ,The Romance of Affliction,$20.99
Oh Wonder ,22 Break,$25.98
The The ,The Comeback Special,$36.99
Alice Cooper ,Alice Cooper's Greatest Hits Audiophile Limited Anniversary Edition,$28.99
The The ,The Comeback Special Limited Crystal Clear,$44.98
Vanishing Twin ,Ookii Gekkou,$26.99
Janis Joplin ,Pearl,$165.00
Pond ,9,$25.98
Dying Fetus ,Purification Through Violence 25th Anniversary,$17.99
Paul Weller ,Days Of Speed,$28.48
Rod Stewart ,The Tears Of Hercules,$19.48
A Touch of Class and Various Artists ,Top 2000: The 80's / Various Black,$41.39
Every Time I Die ,Radical,$10.29
Soul Jazz Records presents ,CUBA: Music and Revolution: Culture Clash in Havana: Experiments in Latin Music 1975-85 Vol. 2,$36.99
Big Country ,The Buffalo Skinners,$18.70
Paul Weller ,Orchestrated Songbook: With Jules Buckley & BBC Symphony Orchestra Black,$45.02
Sepultura ,Sepulnation - The Studio Albums 1998 - 2009,$104.02
"Rozz Williams, Shadow Project, et al. ",In His Own Words - Christian Death & Beyond Red,$39.98
The Specials ,Protest Songs 1924-2012 Limited Black,$28.68
EXO ,Don't Fight Feeling,$58.99
Ghost Bath ,Self Loather Black Grey Swirl,$23.99
Parov Stelar ,The Princess - EP,$24.98
VARIOUS ARTISTS ,Dr. Seuss' The Grinch Soundtrack,$17.11
Sublime ,Everything Under The Sun,$22.98
Ryan Caraveo ,Northend Sweetheart Opaque Sunburst,$18.98
KINGS OF CONVENIENCE ,Riot On An Empty Street,$38.46
Obscura ,A Valediction Cloudy Yellow Orange,$34.99
"HUDSON,KEITH ",Flesh Of My Skin Blood Of My Blood,$19.99
Monolord ,Your Time To Shine,$17.99
Trijntje Oosterhuis ,Look Of Love: Burt Bacharach Songbook Limited Turquoise,$28.01
Biffy Clyro ,The Myth of The Happily Ever After,$23.99
Seether ,Wasteland - The Purgatory EP Red w/ Black,$14.98
Carcass ,Surgical Steel Blue Swirl w/ Red Splatter,$22.99
Randy Edelman ,Ghostbusters II Soundtrack,$31.93
Cody Jinks ,Mercy Opaque,$32.99
Toby Keith ,Peso In My Pocket,$18.69
David Lee Roth ,Diamond Dave,$23.99
Måneskin ,Mammamia,$37.90
Tink ,A Gift and a Curse Red & White Candy Cane Cornetto,$19.99
Muddy Waters ,King Bee Limited Solid Blue,$32.99
Amy Winehouse ,Back To Black Picture,$35.99
Jeff Rosenstock ,Ska Dream Neon,$17.07
Honne ,"LET’S JUST SAY THE WORLD ENDED A WEEK FROM NOW, WHAT WOULD YOU DO? Crystal Clear",$19.59
"Diego Cigala , Bebo Valdes , et al. ",Lagrimas Negras,$24.87
Fela Kuti ,"London Scene BLUE, RED, & WHITE SPLATTER",$24.87
The Moving Sidewalks ,Flash,$21.49
Various Artists ,Now That's What I Call Christmas / Various,$39.29
Lomond Campbell ,LUP,$14.99
Porcupine Tree ,Signify,$27.99
Alice Cooper ,Killer Audiophile 50th Anniversary Calendar,$30.49
CAPCOM SOUND TEAM ,Resident Evil Original Soundtrack,$52.53
Tommy Castro ,Tommy Castro Presents A Bluesman Came To Town Coke Bottle Green,$21.98
Bobby Gillespie & Jehnny Beth ,Utopian Ashes,$16.99
Lucifer ,Lucifer IV,$39.28
"Emerson, Lake & Palmer ",Out of This World: Live 1970-1997,$143.12
Belinda Carlisle ,Live Your Life Be Free - 30th Anniversary (Amazon Exclusive - 180g Green Vinyl),$76.94
Trijntje Oosterhuis ,Who'll Speak For Love: Burt Bacharach Songbook II Limited Orange,$76.94
Lucinda Williams ,Lu's Jukebox Vol. 5: Have Yourself A Rockin' Little Christmas With Lucinda,$23.49
Tony Allen & Hugh Masekela ,Rejoice,$25.03
The White Stripes ,White Blood Cells 20Th Anniversary/Peppermint Pinwheel I,$47.13
While She Sleeps ,You Are We Clear & Sea Blue Splatter,$27.99
La Oreja De Van Gogh ,Guapa,$36.82
World Party ,Goodbye Jumbo,$12.98
Phish ,Joy Red/Purple/Blue,$12.98
Jamie Cullum ,The Pianoman At Christmas,$26.49
BENNY THE BUTCHER ,Plugs I Met 2,$22.99
Less Than Jake ,Losing Streak,$14.78
Margo Guryan ,29 Demos GOLD,$32.99
Various Artists ,"It's A Good, Good Feeling: The Latin Soul Of Fania Records",$54.89
Richard Ashcroft ,Acoustic Hymns Vol. 1 Heavyweight 180gm - Black,$28.47
The Joy Formidable ,Into The Blue,$22.99
LOST DOG STREET BAND ,Homeward Bound,$22.99
L.A. Guns ,Checkered Past,$11.99
Various Artists ,Back in Black Redux Various,$23.99
Trashcan Sinatras ,I’ve Seen Everything OPAQUE,$0.08
Cold War Kids ,New Age Norms 3,$26.98
Black Label Society and Zakk Wylde ,Stronger Than Death Clear,$39.98
Nina Simone ,Her Ultimate Collection Limited Yellow,$23.99
All Them Witches ,Sleeping Through The War Orange and Red Swirl,$22.99
Black Label Society ,1919 Eternal Opaque,$36.99
Autechre ,Chiastic Slide,$31.99
Eric Clapton ,Lady In The Balcony: Lockdown Sessions [limited edition yellow vinyl],$73.50
Courtney Barnett ,"Things Take Time, Take Time",$33.62
Jah Wobble ,Metal Box - Rebuilt In Dub Silver,$34.98
Berliner Philharmoni Bernstein ,Mahler: Symphony No. 9,$39.98
Endless Boogie ,Admonitions,$28.98
"NOCENTELLI,LEO ",Another Side,$49.99
Dionne Warwick ,A Special Evening With,$23.99
Stacey Kent ,Songs From Other Places,$22.99
Med/Blu/Madlib ,Bad Neighbor,$43.99
Modern Talking ,Back For Good Limited Black & White Marble,$39.99
James Arthur ,It'll All Make Sense In The End Limited Autographed,$22.99
Bad Religion ,Christmas Songs Gold,$27.99
Derek Trucks Band ,Roadsongs Limited Translucent Blue,$34.62
Saliva ,Every Twenty Years,$17.99
Lana Del Rey ,Blue Banisters Transparent White,$28.98
Spiritualized ,Let It Come Down,$27.99
Atmosphere ,Overcast!,$32.91
Mantronix ,Music Madness Black,$23.99
Sweet Trip ,You Will Never Know Why,$15.98
Wye Oak ,Civilian + Cut All the Wires: 2009 - 2011 Green Swirl,$26.99
All Them Witches ,Dying Surfer Meets His Maker,$22.99
Keith Richards ,Run Rudolph Run,$17.43
Gravediggaz ,6 Feet Under Red & Black Splatter,$32.99
Donna Summer ,I'm A Rainbow: Recovered & Recoloured Clear,$36.28
Norah Jones ,I Dream Of Christmas,$36.28
Sum 41 ,Does This Look Infected Red Swirl,$55.69
Susana Baca ,Palabras Urgentes,$17.49
Nikolaus Harnoncourt and Concentus Musicus Wien ,Mozart: Requiem,$24.98
Kottonmouth Kings ,Cloud Nine,$34.99
H.C. McEntire ,From A Compound Eye,$29.98
"Wareham, Dean ",I Have Nothing to Say to the Mayor of L.A.,$22.99
Frozen Soul ,Encased In Ice - EP 2021,$26.98
Mankunku Quartet ,YakhalL' Inkomo,$23.99
Spice Girls ,Spice - 25th Anniversary (‘Sporty’ Yellow Coloured),$39.47
Garbage ,beautifulgarbage 20th Anniversary,$32.99
Johnny Flynn ,Lost in the Cedar Wood,$22.49
Sam Evian ,Time To Melt,$17.99
Hiss Golden Messenger ,O Come All Ye Faithful Bone Green Red Splatter Tri-Color Splatter Effect,$19.99
Nightmares on Wax ,Shoutout! To Freedom...,$29.99
James Arthur ,It'll All Make Sense In The End,$36.00
Descendents ,9th & Walnut,$34.95
Life Sex & Death ,Silent Majority Limited Translucent Red,$42.99
Dan Campbell ,Other People's Lives Solid,$19.98
Heart Attack Man ,Thoughtz & Prayerz,$14.99
Cyndi Lauper ,"Merry Christmas…Have a Nice Life! Clear with Red & White ""Candy Cane"" Swirl",$29.99
Yes ,The Quest,$77.00
"Stevenson, Laura ",Laura Stevenson,$22.99
The Velveteers ,Nightmare Daydream,$20.49
Lorrie Morgan ,A Picture of Me - Greatest Hits & More Pink,$23.99
The Connells ,Steadman's Wake,$13.99
Annihilator ,Never Neverland Limited Purple,$27.71
Youth Lagoon ,The Year of Hibernation,$29.98
MØL and Mol ,Diorama,$27.75
Josh Freese ,"Just a Minute, Vol. 1",$22.98
The Weather Station ,Ignorance Deluxe,$37.59
Wolftooth ,Blood & Iron,$20.99
Deep Purple ,Live in Wollongong 2001,$34.99
Tonstartssbandht ,Petunia,$35.33
Cynic ,Ascension Codes,$39.99
Common ,A Beautiful Revolution Pt. 2 Neon Yellow,$20.49
Gaahls WYRD ,The Humming Mountain - Ltd,$23.98
Lock Up ,The Dregs of Hades,$23.99
Megadeth ,A Night In Buenos Aires,$38.99
"TAYLOR,IAN & ADAM BOND & ASHLEIGH BRIDGES ",RuneScape: OSRS - Old School Combat Classics,$45.03
Park Hye Jin ,Before I Die HOT,$25.44
"SUMMER,DONNA ",I'm A Rainbow: Recovered & Recoloured Limited Transparent Blue,$33.99
Chicano Batman ,Cycles Of Existential Rhyme Marbled Magma,$29.79
Chuck Prophet ,No Other Love,$19.99
Il Volo ,Il Volo Sings Morricone,$36.66
"Oosterhuis, Trijntje / Metropole Orkest ",Everchanging Times: Burt Bacharach Songbook III Limited Transparent Blue,$39.99
Wanda Jackson ,Encore,$21.98
"Smith/Kotzen, Adrian Smith, Richie Kotzen ",Better Days EP,$23.99
All Them Witches ,Nothing As The Ideal,$24.99
Indigo De Souza ,Any Shape You Take PINK WASH,$19.19
Nils Frahm ,Old Friends New Friends,$31.99
Bush Tetras ,Rhythm & Paranoia: The Best of Bush Tetras,$88.99
Dream Theater ,Lost Not Forgotten Archives: Master of Puppets Ltd. golden,$37.18
Orquesta Akokán ,16 Rayos,$19.99
Yves Tumor ,The Asymptotical World EP,$21.99
Angel Du$t ,YAK: A Collection Of Truck Songs,$22.49
Bremer Mccoy ,Natten The Night,$19.99
Raven Age ,Exile,$31.54
Clint Mansell ,In The Earth,$18.99
PRIMITIVES ,Lovely Blue,$39.90
Whitesnake ,Restless Heart 2021 Remix,$29.29
Hania Rani/Dobrawa Czocher ,Inner Symphonies,$35.98
Arthur Russell ,Another Thought,$44.95
Slowdive ,Motown Collected / Various White,$41.81
Echo & The Bunnymen ,Crocodiles,$10.00
X Ambassadors ,The Beautiful Liar Marigold,$23.99
Moor Mother and Nicole Mitchell and Moor Mother ,Black Encyclopedia of the Air,$16.58
NRBQ ,Dragnet,$15.20
Gabor Szabo and Gary McFarland ,Dreams White,$29.99
Vildhjarta ,måsstaden under vatten,$43.67
Light the Torch ,You Will Be The Death of Me Blue Pink w/ Blue Splatter,$23.99
Black Label Society ,Doom Crew Inc Limited White,$40.20
Cannibal Corpse ,Eaten Back To Life,$15.72
Various Artists ,Essiebons Special 1973 - 1984 / Ghana Music Power House,$38.36
Cannibal Corpse ,Butchered At Birth,$38.36
Hayden Thorpe ,Moondust For My Diamond,$21.99
GARBAGE ,Beautiful Garbage,$30.06
King Gizzard & The Lizard Wizard and King Gizzard & the Lizard Wizard ,Teenage Gizzard,$17.98
Too Short ,Life Is Too Short,$20.99
Transatlantic ,The Whirlwind 2021) Black booklet),$34.24
VARIOUS ARTISTS ,"Tokyo Glow - Japanese City Pop, Funk & Boogie Selected By Dj Notoya",$54.10
Autechre ,5,$28.99
MEGA RAN ,Black Materia: The Remake,$42.98
Houses ,Drugstore Heaven,$16.99
MORTIFERUM ,Preserved In Torment,$30.00
Night ,High Tides-distant Skies,$17.99
Dean Blunt ,BLACK METAL 2,$24.49
"BLENN,BORIS ",Berlin Future Lounge,$37.98
Sonny Vincent ,Snake Pit Therapy,$21.98
Hans Zimmer ,No Time To Die [Amazon Exclusive Gold Vinyl],$53.21
Teddy Swims ,A Very Teddy Christmas,$19.99
Ayumi Tanaka/Marthe Stronen ,Bayou,$23.49
Capone-N-Noreaga ,The War Report Clear with Red & Blue Splatter,$46.98
Vanilla Ice ,Ice Ice Baby,$46.98
Children of Bodom ,Hatebreeder,$46.82
Johnny Kidd & the Pirates ,Please Don't Touch!,$39.99
Cibo Matto ,Stereo Type A Limited Turquoise,$34.56
MISSION ,Mission Collected with bonus,$47.16
Children of Bodom ,Something Wild,$33.31
Pepper ,Pink Crustaceans and Good Vibrations,$19.99
The War on Drugs ,I Don't Live Here Anymore,$63.40
Lou Hayter ,Private Sunshine,$14.23
Scott Lloyd Shelly ,Terraria Original Soundtrack,$101.44
GUIDED BY VOICES ,It's Not Them. It Couldn't Be Them. It Is Them!,$22.98
Various Artists ,Now Yearbook 1984 / Various Limited,$22.98
Sun Ra ,Omniverse,$27.99
Oddisee ,The Good Fight,$26.98
Lucinda Williams ,Lu's Jukebox Vol. 4: Funny How Time Slips Away: A Night of 60's Country Classics,$19.39
Andra Day ,Merry Christmas from Andra Day,$17.79
Röyksopp ,Lost Tapes Numbered heavyweight,$39.98
Bear McCreary ,God of War Original Video Game Soundtrack,$21.67
Thy Art Is Murder ,Hate Red in Clear,$10.98
Black Label Society and Zakk Wylde ,Mafia Opaque,$33.99
Joey DeFrancesco ,More Music,$27.42
Henry Threadgill Zooid ,Poof,$22.98
Cody Jinks ,Mercy Translcuent Blue W/ Black Swirl,$50.54
Marshall Crenshaw ,#447,$14.95
Echo And The Bunnymen ,Ocean Rain,$39.78
Joseph Spence ,Encore: Unheard Recordings of Bahamian Guitar & Singing,$22.98
My Morning Jacket ,Chapter 2: Learning: Early Recordings,$34.99
Saga ,Full Circle 2021,$17.89
Irreversible Entanglements ,Open The Gates,$32.99
Spice Girls ,Spice - 25th Anniversary (‘Baby’ Pink Coloured),$37.76
Mother Hips ,Glowing Lantern,$24.98
Come ,Don’t Ask Don’t Tell Expanded Edition,$32.99
Feid ,INTER SHIBUYA - LA MAFIA,$23.99
Duane Pitre ,Omniscient Voices,$29.99
Lynch Mob ,Wicked Sensation Translucent,$56.98
"MULDAUR,MARIA & TUBA SKINNY ",Let's Get Happy Together,$23.93
Savatage ,Fight For The Rock,$41.51
"Copeland, King, Cosma & Belew ",Gizmodrome Live,$32.99
The Blasters ,Live 1986,$13.79
VARIOUS ARTISTS ,West Side Story Original Cast Recording Limited Pink & Purple Marbled,$33.89
Makthaverskan ,For Allting Transparent,$22.98
"Emerson, Lake & Palmer ",Pictures At an Exhibition,$24.99
Kaoru Akimoto ,Cologne,$75.99
Sugar Ray ,Lemonade & Brownies,$38.86
Bunbury ,El Puerto,$25.16
Ohio Players ,Fire Fire Red Audiophile Limited Anniversary Edition,$28.99
Windir ,1184 Ltd Ed,$30.46
Morphine ,Cure for Pain Deluxe Edition,$31.98
Jack's Mannequin ,People & Things Black,$32.09
Spirit of the Beehive ,Entertainment Death,$22.99
Fred Mollin ,It's Great To Be A Kid,$19.85
Courettes ,Back In Mono,$19.99
The Shaggs ,Philosophy Of The World,$19.99
Julie Doiron ,I Thought Of You,$19.98
Siouxsie the & Banshees ,Tinderbox Maroon,$19.98
Chilly Gonzales ,A Very Chilly Christmas,$22.98
Joshua Ray Walker ,See You Next Time,$22.30
Juanes ,Mi Sangre,$11.70
KNIFE ,Knife,$29.99
All Them Witches ,Lightning At The Door,$13.99
Soul Jazz Records presents ,Jackie Mittoo - The Keyboard King at Studio One,$51.96
Purple Disco Machine ,Exotica,$51.83
VARIOUS ARTISTS ,Tv Manga Dragon Ball: Hit Song Collection,$55.26
Steve Earle ,Townes ; Clear,$23.99
City of Prague Philharmonic Orchestra ,The Lord of the Rings Trilogy,$51.12
Lacuna ,Lacuna,$23.99
Paul Gilbert ,'Twas,$22.49
Ray Charles ,Live In Stockholm 1972,$24.95
Low Hum ,Nonfiction,$23.99
Ben MacDougall ,GODFALL: Fire & Darkness Original Video Game Soundtrack Purple,$23.49
"Bartoli, Barenboim, et al. ",Amadeus: The Best Of Mozart,$34.17
Narrow Head ,Satisfaction,$22.99
Paul Weller ,Illumination,$32.99
VARIOUS ARTISTS ,The Suicide Squad Soundtrack,$37.98
My Morning Jacket ,Chapter 1: The Sandworm Cometh: Early Recordings,$34.99
"Polwart, Karine / Milligan, Dave ",Still As Your Sleeping,$47.99
Beatrice Rana ,Chopin etudes Op. 25 - 4 Scherzi,$33.68
Aeon ,God Ends Here,$29.98
VARIOUS ARTISTS ,Very Cool Christmas 3 Limited/1-Translucent Blue & 1-Crystal Clear Insert/Numbered,$42.90
Sweet Trip ,"A Tiny House, In Secret Speeches, Polar Equals Cover Option A",$34.99
The dB's ,I Thought You Wanted To Know: 1978-1981,$28.49
Theocracy ,As the World Bleeds White/Black Marble + Blood,$33.12
Cancer ,Death Shall Rise,$29.00
J Balvin ,JOSE,$34.99
Holly Humberstone ,The Walls Are Way Too Thin,$11.98
Donna Summer ,All Systems Go Translucent Orange,$23.63
MEN I TRUST ,Untourable Album,$20.99
Bad Company ,Holy Water Blue Audiophile,$32.99
Nate Smith ,Kinfolk 2: See the Birds,$22.49
Lindsay Lohan ,A Little More Personal RAW,$17.99
Seong-Jin Cho/Gianandrea Noseda/London Symphony Or ,Chopin: Piano Concerto No. 2; Scherzi,$52.44
Genocide Pact ,Genocide Pact,$19.99
Slade ,Slade in Flame Yellow & Red Splatter,$26.99
"Rush, Jana ",Painful Enlightenment,$26.49
Sylvan Esso ,Sylvan Esso,$26.49
Betontod ,Antirockstars,$55.86
Dream Theater ,Lost Not Forgotten Archives: When Dream And Day Reunite,$13.99
The Chordettes ,Born To Be With You - The Hits,$19.99
Alien Ant Farm ,Smooth Criminal Pink,$15.98
No Bragging Rights ,No Bragging Rights,$19.99
April Wine ,The Whole World's Going Crazy Clear Green with Sky Blue Swirl,$34.10
Tomoko Aran ,Midnight Pretenders / I'm in Love,$34.10
Unanimated ,Victory in Blood,$49.98
"GOU,PEGGY FEAT. OHHYUK ",Nabi,$23.19
SUBURBAN LAWNS ,Suburban Lawns,$23.99
Buck Owens and His Buckaroos ,It's A Monsters' Holiday,$21.35
Curtis Harding ,If Words Were Flowers IEX,$28.99
Khemmis ,Deceiver (White/Black Marbled in Sleeve),$46.48
Motorhead ,The Lost Tapes Vol 1,$34.99
Eros Ramazzotti ,Tutte Storie,$21.28
Rich Brian ,Amen,$28.99
Clinic ,Fantasy Island,$23.99
Hillbilly Moon Explosion ,Buy Beg Or Steal,$18.49
Ibrahim Maalouf ,First Noel,$41.32
Emily Scott Robinson ,American Siren,$17.99
Larkin Poe and Nu Deco Ensemble ,Paint The Roses Live In Concert Orange Crush,$19.99
Hans Zimmer ,No Time to Die (Picture Disc Girl Power),$38.75
Various Artists ,Freddy's Nightmares / Various,$30.98
Primal Scream ,Demodelica,$26.45
Adrian Younge & Ali Shaheed Muhammad ,Roy Ayers JID002,$35.99
Autograph ,Turn Up The Radio - The Anthology,$31.67
Blacktop Mojo ,Blacktop Mojo,$15.89
Shadow Project ,Dreams For The Dying,$29.98
Billie Holiday ,Essential Works 1937-1958,$41.19
Tropical Fuck Storm ,Deep States Teal,$26.98
Krokofant / Stale Storlokken / Ingebrigt Haker ,Fifth,$35.97
Curtis Grimes ,Curtis Grimes,$22.99
RuPaul ,Supermodel of the World,$25.86
One Step Closer ,This Place You Know,$22.98
PAMELA Z ,Echolocation Natural Swirl,$23.99
Covey ,Class Of Cardinal Sin,$32.77
Various ,Relief - A Benefit for the Jazz Foundation of America's Musicians' Emergency Fund,$31.48
Ryuichi Sakamoto ,Ryuichi Sakamoto: Playing the Piano 12122020 Japanese Set,$57.87
Adele ,30 (Amazon Exclusive White Vinyl),$36.08
Taylor Swift ,Red Taylor's Version,$45.77
Kid Cudi ,Man On The Moon III: The Chosen,$25.97
Eagles ,Live at the Forum '76,$27.49
Notorious B.I.G. ,Ready To Die,$31.98
The Beatles ,Let It Be,$23.22
Robert Plant/Alison Krauss ,Raise The Roof,$25.89
The Beatles ,Let It Be Super Deluxe Vinyl,$131.61
Bo Burnham ,INSIDE The Songs,$11.99
Ed Sheeran ,=,$23.37
Various Artists ,Licorice Pizza Soundtrack,$30.97
ABBA ,Voyage,$21.91
Neil Young & Crazy Horse ,Barn,$23.99
Norah Jones ,I Dream Of Christmas White,$21.98
Bruce Springsteen & The E Street Band ,The Legendary 1979 No Nukes Concerts,$33.24
John Coltrane ,A Love Supreme: Live In Seattle,$29.60
Cody Johnson ,Human The Double Album,$29.59
Nathaniel Rateliff & The Night Sweats ,The Future,$23.47
The Doors ,L.A. Woman 50th Anniversary,$59.86
Art Blakey & The Jazz Messengers ,The Big Beat Blue Note Classic Series,$23.42
Tony Bennett & Lady Gaga ,Love For Sale Cream,$24.77
Snoh Aalegra ,TEMPORARY HIGHS IN THE VIOLET SKIES,$29.88
Radiohead ,KID A MNESIA,$76.99
Alabama Shakes ,Sound & Color Deluxe Purple & Magenta,$27.92
Carrie Underwood ,Greatest Hits: Decade #1,$25.44
Coldplay ,Music Of The Spheres Recycled Coloured,$22.27
R.E.M. ,New Adventures In Hi-Fi,$29.58
Ella Fitzgerald ,Ella Wishes You A Swinging Christmas Verve Acoustic Sounds Series,$31.49
Ice Nine Kills ,Welcome To Horrorwood: The Silver Scream 2,$26.49
Earth Wind & Fire ,Their Ultimate Collection,$33.63
Kris Bowers and Vitamin String Quartet ,Bridgerton Music From The Netflix Original Series,$23.49
Billy Strings ,Renewal,$41.70
Pink Floyd ,A Momentary Lapse Of Reason Remixed & Updated,$34.42
Tony Bennett ,Snowfall: The Tony Bennett Christmas Album,$19.89
Lady Gaga ,BORN THIS WAY THE TENTH ANNIVERSARY,$49.49
The Black Keys ,El Camino 10th Anniversary,$40.49
Snail Mail ,Valentine,$22.49
NEEDTOBREATHE ,Into The Mystery,$20.72
Herbie Nichols ,The Prophetic Herbie Nichols Vol. 1 & 2 Blue Note Classic Series,$23.99
The Weeknd ,The Highlights,$50.99
P!nk ,All I Know So Far: Setlist,$22.99
Dixie Chicks ,The Essential Chicks,$30.99
Alabama Shakes ,Sound & Color Deluxe Pink/Black & Magenta/Black Tie-D,$31.51
Bryson Tiller ,T R A P S O U L Deluxe,$46.99
Various Artists ,80s: The Songs / Various,$30.02
Mastodon ,Hushed and Grim,$29.99
Nirvana ,Nevermind 30th (1LP + 7in),$12.83
Jimmy Smith ,Home Cookin' Blue Note Classic Series,$25.98
Mac Miller ,Faces,$25.98
Bryson Tiller ,A N N I V E R S A R Y Deluxe,$26.09
Sugarcult ,Start Static,$13.24
Magdalena Bay ,Mercurial World,$21.99
Shakira ,Laundry Service,$30.86
Shunsuke Kida ,Demon's Souls Original Soundtrack,$27.69
Utada ,One Last Kiss,$28.72
Horace Silver ,6 Pieces Of Silver Blue Note Classic Series,$23.36
My Morning Jacket ,My Morning Jacket Clear,$23.84
Reuben Wilson ,Love Bug Blue Note Classic Series,$23.99
James Blake ,Friends That Break Your Heart,$29.99
FINNEAS ,Optimist,$20.99
Duran Duran ,FUTURE PAST,$17.79
Neil Young & Crazy Horse ,Barn,$64.82
Billy Idol ,Happy Holidays,$22.49
Twenty One Pilots ,Scaled & Icy Clear I,$26.99
Katy Perry ,"Cozy Little Christmas [Translucent Red 7"" Single] [Amazon Exclusive]",$11.98
Billy Joel ,"The Collection, Vol. 1",$190.99
Frank Zappa ,200 Motels Soundtrack 50th Anniversary,$35.98
Idles ,Crawler,$21.99
Carrie Underwood ,My Gift Crystal Clear,$28.68
Oasis ,Knebworth 1996,$51.67
Bill Withers ,His Ultimate Collection Limited Blue,$29.99
The Rolling Stones ,Tattoo You 2021,$22.95
"NICKS,STEVIE ",Live In Concert: The 24 Karat Gold Tour Limited Blue & White Splatter,$34.62
Bill Charlap Trio ,Street Of Dreams,$20.49
ABBA ,Voyage Orange,$52.95
Blxst ,No Love Lost Deluxe,$17.99
Mouse Rat ,The Awesome Album,$22.11
The Rolling Stones ,Tattoo You 2021,$31.68
Sting ,The Bridge,$23.97
Gov't Mule ,Heavy Load Blues,$27.82
Spiritbox ,Eternal Blue,$22.99
Kylie Minogue ,DISCO Extended Mixes,$31.99
Brian Wilson ,At My Piano,$25.98
Green Day ,BBC Sessions,$30.99
Twenty One Pilots ,Scaled and Icy,$30.99
Art Blakey & The Jazz Messengers ,First Flight To Tokyo: The Lost 1961 Recordings,$21.99
Donald Byrd ,Places And Spaces Blue Note Classic Series,$23.49
Freddie Hubbard ,Ready For Freddie Blue Note Classic Series,$23.04
KISS ,Destroyer 45th Anniversary Deluxe,$35.66
Ozzy Osbourne + Motorhead ,Hellraiser,$35.66
Cat Stevens ,Teaser And The Firecat,$22.83
Grateful Dead ,"Fox Theatre, St. Louis, MO 12/10/71",$96.50
Sharon Jones & The Dap-Kings ,It's A Holiday Soul Party Candy Cane,$19.19
Reba McEntire ,Revived Remixed Revisited,$61.52
Béla Fleck ,My Bluegrass Heart,$27.41
Whitney Houston ,I Will Always Love You: The Best Of Whitney Houston,$28.58
Lil Baby/Lil Durk ,The Voice Of The Heroes,$27.98
Jerry Garcia/John Kahn ,"GarciaLive Volume 14: January 27th, 1986 The Ritz",$22.87
Trans-Siberian Orchestra ,Christmas Eve and Other Stories,$31.68
David Bowie ,Brilliant Adventure 1992 – 2001,$341.98
Genesis ,The Last Domino?,$69.42
Can ,LIVE IN BRIGHTON 1975 Inca Gold,$41.90
Jerry Garcia Band ,Jerry Garcia Band 30th Anniversary,$59.62
Curtis Harding ,If Words Were Flowers,$22.99
Marias ,Superclean Vol. 1 & 2,$22.99
Pistol Annies ,Hell Of A Holiday,$22.16
for KING & COUNTRY ,A Drummer Boy Christmas,$23.48
Various Artists ,90s: The Songs / Various,$29.97
Sam Fender ,Seventeen Going Under Red,$37.82
Billy Preston ,Encouraging Words,$22.94
Dr. Lonnie Smith ,Breathe,$25.49
Ingrid Michaelson ,Ingrid Michaelson's Songs For The Season,$26.71
Parcels ,Day/Night,$31.42
Volbeat ,Servant Of The Mind,$38.99
Garbage ,beautifulgarbage 20th Anniversary Deluxe,$44.10
BadBadNotGood ,Talk Memory,$26.96
Kenny Cox ,Introducing Kenny Cox... Blue Note Classic Series,$25.98
Over Kill ,The Atlantic Albums 1986-1994,$160.56
Zach Bryan ,DeAnn,$160.56
Ringo Starr ,Change The World - EP,$12.99
Sly & The Family Stone ,There’s A Riot Goin’ On,$21.49
David Crosby ,If I Could Only Remember My Name,$22.49
Dave Chappelle ,8:46,$14.79
James Taylor & Carole King ,Live At The Troubadour,$11.39
DMX ,DMX: The Legacy,$26.98
Eva Cassidy ,Live At Blues Alley,$33.99
Jarvis Cocker ,CHANSONS d'ENNUI Tip-Top,$27.98
Dream Theater ,A View From The Top Of The World,$41.99
Judas Priest ,Reflections - 50 Heavy Metal Years of Music,$33.69
The War on Drugs ,I Don’t Live Here Anymore,$16.69
Elvis Presley ,Back In Nashville,$23.25
"Christone ""kingfish"" Ingram ",662,$17.99
Brett Eldredge ,Mr. Christmas,$19.89
Various Artists ,Shang-Chi And The Legend Of The Ten Rings: The Album,$21.99
Khruangbin ,Mordechai Remixes,$22.79
All That Remains ,The Fall Of Ideals,$21.66
Johnny Cash ,"Bear's Sonic Journals: Johnny Cash, At the Carousel Ballroom, April 24, 1968",$27.66
Declan Mckenna ,What Do You Think About the Car?,$22.98
Bobbi Humphrey ,Fancy Dancer Blue Note Classic Series,$23.21
Primus ,Green Naugahyde 10th Anniversary Ghostly Green,$31.47
Sigur Rós ,Ágætis byrjun,$31.47
Guardians of the Galaxy Vol 1 / O.S.T. ,Guardians of the Galaxy Original Soundtrack,$58.45
Joe Bonamassa ,Time Clocks [Transparent Yellow/Black Swirl 2 LP],$38.98
DMX ,Exodus,$22.76
Pat Metheny ,Side-Eye NYC V1.IV,$25.48
The Monkees ,"Pisces, Aquarius, Capricorn & Jones LTD. Violet Limited Anniversary Edition",$34.98
Tesla ,Mechanical Resonance,$24.98
Gillian Welch & David Rawlings ,All The Good Times,$24.98
Courtney Barnett ,"Things Take Time, Take Time ""ALL EYES ON THE PAVEMENT BLUE""",$22.98
Bad Suns ,Language & Perspective,$20.67
U2 ,Achtung Baby,$48.88
Starship ,Greatest Hits Relaunched,$23.49
Exodus ,Persona Non Grata Red & Mustard w/ Black Splatter,$32.26
Ice Nine Kills ,Every Trick In The Book,$24.98
Elton John ,The Lockdown Sessions [Blue Colourway VINYL],$47.61
Hall & Oates ,Live at The Troubadour,$37.49
Parquet Courts ,Sympathy for Life,$22.99
James Arthur ,Back from the Edge,$34.49
Frankie Valli & The Four Seasons ,Anthology-Greatest Hits Audiophile Limited Anniversary Edition,$53.22
M. Ward and She & Him ,A Very She & Him Christmas 10th Anniversary,$9.79
New Pornographers ,Mass Romantic,$22.99
Wiz Khalifa ,Rolling Papers Deluxe 10 Year Anniversary Edition,$26.99
Fela Kuti ,5 curated by Chris Martin and Femi Kuti,$119.56
Ben Böhmer ,Begin Again,$29.98
Kurt Elling ,SuperBlue feat. Charlie Hunter,$22.49
Lana Del Rey ,Blue Banisters,$12.99
James Blunt ,The Stars Beneath My Feet 2004 - 2021,$30.99
Ari Lennox ,PHO,$30.99
Manchester Orchestra ,Christmas Songs Vol. 1 Holiday,$19.99
Allen Stone ,APART [Transparent Orange LP],$20.99
Ween ,GODWEENSATAN: Live Red & Blue Splatter,$39.98
Helado Negro ,Far In,$29.99
Demi Lovato ,Dancing With The Devil...The Art of Starting Over,$38.49
The Record Company ,Play Loud,$22.98
Cat Stevens ,Teaser and The Firecat Super Deluxe: Vinyl Edition,$186.42
Houndmouth ,Good For You,$22.49
The Midnight ,Monsters PURPLE SPLATTER,$30.82
King Krule ,"You Heat Me Up, You Cool Me Down",$29.99
Skid Row ,The Atlantic Years 1989 - 1996,$173.00
Kylie Minogue ,Fever Limited,$86.14
Kylie Minogue ,DISCO: Guest List Edition,$43.18
Darren Criss ,A Very Darren Crissmas,$22.63
Times of Grace ,Songs of Loss and Separation White,$17.20
Solange Knowles ,A Seat At The Table,$37.78
B.B. King ,Indianola Mississippi Seeds Translucent Red Audiophile Limited Anniversary Edition,$34.98
Diana Ross ,Thank You,$25.64
Spice Girls ,Spice - 25th Anniversary (Zoetrope Picture Disc),$42.53
Walk the Moon ,HEIGHTS,$20.99
GROUPER ,Shade,$22.98
Nat King Cole ,A Sentimental Christmas With Nat King Cole And Friends Cole Classics Reimagined,$18.98
Rebelution ,In The Moment,$29.98
Mannheim Steamroller ,Mannheim Steamroller Extraordinaire Anniversary Collection,$37.31
Eddie Money ,Take Me Home Tonight - The Best Of,$26.98
"John Carpenter,cody Carpenter,daniel Davies ",Halloween Kills Soundtrack,$19.49
Ice Nine Kills ,The Predator Becomes The Prey Translucent,$24.98
The Dave Clark Five ,Glad All Over,$26.98
Aesop Rock and Blockhead ,Garbology,$29.98
Ween ,"At The Cat's Cradle, 1992 Milky Clear",$54.95
The Band ,Cahoots 50th Anniversary,$23.99
Christian McBride & Inside Straight ,Live at the Village Vanguard,$34.98
Hall & Oates ,Abandoned Luncheonette Translucent Red Audiophile Limited Anniversary Edition,$32.49
Black Label Society ,Doom Crew Inc. Black,$37.77
Ray Charles ,True Genius,$28.78
Allen Stone ,APART Coke Bottle Clear,$23.98
Naughty By Nature ,Naughty By Nature,$39.99
Allman Brothers Band ,"Bear's Sonic Journals: Fillmore East, February 1970",$23.99
Palace ,So Long Forever Martian Red,$35.16
Goldfrapp ,Head First,$26.99
Motörhead ,Everything Louder Forever - The Very Best Of,$80.45
Charles Mingus ,The Black Saint And The Sinner Lady Verve Acoustic Sounds Series,$41.38
Gerry Mulligan ,Night Lights,$41.38
Makaya McCraven ,Deciphering The Message,$22.99
The Rolling Stones ,Tattoo You 2021,$147.49
Parker McCollum ,Gold Chain Cowboy,$21.98
Whitechapel ,Kin,$37.18
Helmet ,Live and Rare,$26.98
Todd Rundgren ,A Wizard A True Star Turquoise Limited Tour Edition,$52.99
Savatage ,Power Of The Night,$30.42
Eddie Vedder/Glen Hansard/Cat Power ,Flag Day Original Soundtrack,$25.96
Thrice ,Horizons/East,$20.99
Morgan Wade ,Reckless,$29.97
Garbage ,Garbage,$43.34
Danzig ,Danzig 5: Blackacidevil,$34.98
Dave Gahan & Soulsavers ,Imposter,$24.64
Little Mix ,Between Us,$36.97
Del Water Gap ,Del Water Gap LIGHT,$20.49
"Martinez,Cliff ",Drive | Soundtrack],$45.36
Saves the Day ,Ups & Downs: Early Recordings and B-Sides,$22.52
The White Stripes ,White Blood Cells,$25.47
Train ,Christmas In Tahoe Translucent Green,$25.49
Rod Stewart ,The Tears Of Hercules,$23.95
Various Artists ,The Best Of Bond...James Bond,$16.29
Green Lung ,Black Harvest,$22.98
Sault ,Nine,$39.99
Hooded Menace ,The Tritonus Bell,$33.25
Roxette ,Joyride: 30th Anniversary Deluxe,$28.99
Leslie Odom Jr. ,The Christmas Album,$23.99
"Various Artists, Tony Kaye, et al. ",A Tribute to Pink Floyd: Return To The Dark Side Of The Moon,$34.99
Violent Femmes ,Why Do Birds Sing?,$20.49
Lady A ,What A Song Can Do,$22.99
Through the Eyes of the Dead ,Bloodlust,$23.99
Hot Mulligan ,I Won't Reach Out to You,$23.99
Damon Albarn ,"The Nearer the Fountain, More Pure the Stream Flows",$22.98
Alan Parsons ,The Neverending Show: Live In The Netherlands,$33.49
Elbow ,Flying Dream 1,$22.98
Moses Sumney ,Live From Blackalachia,$29.98
Lilys ,Better Can't Make Your Life Better,$22.64
Luis Miguel ,Romance,$39.90
Rend Collective ,A Jolly Irish Christmas Volume II,$21.98
Hayes Carll ,You Get It All,$22.98
Michael Bublé ,Christmas 10th Anniversary Super Deluxe Box,$157.25
Omara Portuondo ,Omara Portuondo Buena Vista Social Club Presents,$21.99
Eddie Hazel ,"Game, Dames and Guitar Thangs ELECTRIC",$26.99
Uncle Acid & the Deadbeats ,Blood Lust,$33.99
Steve Perry ,The Season,$22.99
Fit for an Autopsy ,Sea of Tragic Beasts Mint Green & Pink w/ Black Splatter,$23.99
Bush ,Razorblade Suitcase In Addition,$26.09
Abbath ,Outstrider Ltd. Clear,$23.99
Sum 41 ,Does This Look Infected Blue & Green Swirl,$55.69
"Olafsson,vikingur ",Mozart & Contemporaries,$36.22
Dawes ,North Hills Translucent Red,$23.49
The Hawks ,Obviously 5 Believe,$29.99
Elton John ,The Lockdown Sessions,$71.13
Lykke Li ,Wounded Rhymes Anniversary Edition,$23.68
Quicksand ,Distant Populations,$19.99
Thrice ,Beggars,$22.99
WAR ,Greatest Hits 2.0,$37.13
Deep Purple ,Turning To Crime Limited Crystal Clear,$35.98
Type O Negative ,October Rust,$8.97
Buck Owens ,Buck Owens COKE CLEAR,$21.99
cleopatrick ,BUMMER,$19.99
Lorna Shore ,...And I Return to Nothingness incl.,$34.50
Cradle Of Filth ,Existence Is Futile Silver/Black Splatter,$31.99
Jelly Cleaver ,Forever Presence,$22.99
Joni Mitchell ,Live At Carnegie Hall 1969,$49.32
Sam Smith ,In The Lonely Hour,$34.27
Gregory Porter ,Still Rising,$20.49
Velvet Underground ,The Velvet Underground,$28.99
Geese ,Projector,$18.99
Various Artists ,THE MATRIX-- Music from the Soundtrack CLEAR WITH RED & BLUE SWIRL,$49.98
Wilderado ,Wilderado,$23.98
Ty Segall ,Harmonizer,$23.99
Michael Hurley ,The Time of the Foxgloves,$22.98
Neal Francis ,In Plain Sight Cherry Red,$22.98
Charles Mingus ,Mingus Mingus Mingus Mingus Mingus Verve Acoustic Sounds Series,$48.89
Lorna Shore ,...And I Return To Nothingness - EP,$48.89
Sloppy Jane ,Madison,$19.99
Gary Allan ,Ruthless,$17.29
Mr. Bungle ,The Night They Came Home,$30.49
Maroon 5 ,Jordi,$45.04
Various Artists ,Best of AC/DC Redux Various,$32.98
La Luz ,La Luz Dark,$19.99
"Dale Bozzio, Missing Persons, et al. ","Life Is So Strange - Missing Persons, Frank Zappa, Prince & Beyond",$43.15
Various Artists ,Winter Tales,$21.49
Barney Wilen ,French Ballads,$32.99
The Band ,Cahoots 50th Anniversary,$133.83
AMERICA ,Hat Trick Limited Orange & Black Mixed With Poster,$28.09
Bob Marley ,Soul Revolution Part II,$23.99
Aeon Station ,Observatory (Cloudy Blue Vinyl),$19.98
Little Mix ,Between Us,$54.99
Brian Setzer ,Gotta Have The Rumble,$22.99
The Wombats ,The Wombats Proudly Present... This Modern Glitch,$31.04
Brian Fallon ,Night Divine,$19.99
Sam Fender ,Seventeen Going Under,$34.84
Aesop Rock ,Labor Days,$28.98
Popol Vuh ,Vol. 2 - Acoustic & Ambient Spheres,$81.99
Marie Osmond ,Unexpected Limited SIGNED,$27.98
Moses Sumney ,Live From Blackalachia Clear Green,$29.98
Porcupine Tree ,In Absentia 140gm,$58.45
King Gizzard & The Lizard Wizard ,Paper Mâché Dream Balloon Deluxe Lenticular/Instrumental Edition Blue Seagrass & Translucent Pink,$39.98
KIDZ BOP Kids ,KIDZ BOP 1 20th Birthday Edition,$26.99
Snarky Puppy ,Live at the Royal Albert Hall,$34.99
F.S.Blumm & Nils Frahm ,2X1=4,$17.54
Matt Berry ,Gather Up,$149.95
Joanne Shaw Taylor ,The Blues Album,$20.99
"FREDERIKSEN,LARS ",To Victory,$15.39
Sammy Hagar & The Circle ,Lockdown 2020,$17.97
Megadeth ,A Night In Buenos Aires Clear,$37.49
Sinead Harnett ,Ready Is Always Too Late,$20.98
Sodom ,M-16,$39.98
Black Veil Brides ,The Phantom Tomorrow Transparent Red,$23.99
Heroes Del Silencio ,En Directo EP,$36.82
Madball ,Legacy,$22.98
John Mayall ,The Turning Point Translucent Blue Audiophile Limited Anniversary Edition,$32.49
Black Label Society ,Blessed Hellride Opaque,$32.97
Eddie Vedder ,Long Way Single,$9.79
Bad Brains ,Rock For Light,$19.98
The Blues Brothers ,Briefcase Full Of Blues Translucent Blue Audiophile Limited Anniversary Edition,$33.98
Nothing More ,The Stories We Tell Ourselves,$23.99
Nick Cave & The Bad Seeds ,B-Sides & Rarities: Part II,$27.32
Nick Cave & The Bad Seeds ,B-Sides & Rarities: Part I & II Deluxe,$174.45
Kings of Convenience ,Quiet Is The New Loud,$29.34
"Joan As Police Woman,tony Allen,dave Okumu ",The Solution Is Restless,$12.79
Twenty One Pilots ,Blurryface,$28.99
Rina Sawayama ,SAWAYAMA Deluxe Clear,$43.95
Atmosphere ,WORD?,$25.49
Thulcandra ,A Dying Wish,$20.99
Modern Nature ,Island of Noise,$74.98
Tune in with Chewie ,Samus & Chill Original Soundtrack,$74.98
Andy Shauf ,Wilds,$22.99
Artillery ,By Inheritance Blue with Red Splatter,$22.49
Rival Sons ,Pressure & Time,$22.49
Sigur Rós ,Með suð í eyrum við spilum endalaust,$31.98
Travis ,The Invisible Band 20th Anniversary Deluxe Clear,$63.99
Les Claypool's Duo De Twang ,Four Foot Shack Gold Nugget,$29.98
Jake Shimabukuro ,Jake & Friends,$27.93
Samia ,Before The Baby,$18.69
Pokey LaFarge ,In The Blossom of Their Shade,$17.79
"New Age Doom & Lee ""Scratch"" Perry ","Lee ""Scratch"" Perry's Guide to the Universe",$24.99
The Chieftains ,Chronicles: 60 Years of The Chieftains,$35.92
The Long Blondes ,Someone To Drive You Home YELLOW &,$29.99
Old 97s ,Fight Songs ROG,$36.40
Emma Ruth Rundle ,Engine of Hell,$22.99
Lucinda Williams ,Lu's Jukebox Vol. 3: Bob's Back Pages: A Night of Bob Dylan Songs,$27.92
Armed ,"ULTRAPOP ORANGE ""GALAXY""",$27.99
Bullet for My Valentine ,Bullet For My Valentine,$22.99
Killer Be Killed ,Killer be Killed Blue &,$23.99
Seeyouspacecowboy ,The Romance of Affliction,$20.99
Oh Wonder ,22 Break,$25.98
The The ,The Comeback Special,$36.99
Alice Cooper ,Alice Cooper's Greatest Hits Audiophile Limited Anniversary Edition,$28.99
The The ,The Comeback Special Limited Crystal Clear,$44.98
Vanishing Twin ,Ookii Gekkou,$26.99
Janis Joplin ,Pearl,$165.00
Pond ,9,$25.98
Dying Fetus ,Purification Through Violence 25th Anniversary,$17.99
Paul Weller ,Days Of Speed,$28.48
Rod Stewart ,The Tears Of Hercules,$19.48
A Touch of Class and Various Artists ,Top 2000: The 80's / Various Black,$41.39
Every Time I Die ,Radical,$10.29
Soul Jazz Records presents ,CUBA: Music and Revolution: Culture Clash in Havana: Experiments in Latin Music 1975-85 Vol. 2,$36.99
Big Country ,The Buffalo Skinners,$18.70
Paul Weller ,Orchestrated Songbook: With Jules Buckley & BBC Symphony Orchestra Black,$45.02
Sepultura ,Sepulnation - The Studio Albums 1998 - 2009,$104.02
"Rozz Williams, Shadow Project, et al. ",In His Own Words - Christian Death & Beyond Red,$39.98
The Specials ,Protest Songs 1924-2012 Limited Black,$28.68
EXO ,Don't Fight Feeling,$58.99
Ghost Bath ,Self Loather Black Grey Swirl,$23.99
Parov Stelar ,The Princess - EP,$24.98
VARIOUS ARTISTS ,Dr. Seuss' The Grinch Soundtrack,$17.11
Sublime ,Everything Under The Sun,$22.98
Ryan Caraveo ,Northend Sweetheart Opaque Sunburst,$18.98
KINGS OF CONVENIENCE ,Riot On An Empty Street,$38.46
"CLARK,GENE ",Collected,$40.49
Obscura ,A Valediction Cloudy Yellow Orange,$34.99
"HUDSON,KEITH ",Flesh Of My Skin Blood Of My Blood,$19.99
Monolord ,Your Time To Shine,$17.99
Trijntje Oosterhuis ,Look Of Love: Burt Bacharach Songbook Limited Turquoise,$28.01
Biffy Clyro ,The Myth of The Happily Ever After,$23.99
Seether ,Wasteland - The Purgatory EP Red w/ Black,$14.98
Carcass ,Surgical Steel Blue Swirl w/ Red Splatter,$22.99
Randy Edelman ,Ghostbusters II Soundtrack,$31.93
Toby Keith ,Peso In My Pocket,$18.69
David Lee Roth ,Diamond Dave,$23.99
Måneskin ,Mammamia,$37.90
Muddy Waters ,King Bee Limited Solid Blue,$32.99
Amy Winehouse ,Back To Black Picture,$35.99
Jeff Rosenstock ,Ska Dream Neon,$17.07
Honne ,"LET’S JUST SAY THE WORLD ENDED A WEEK FROM NOW, WHAT WOULD YOU DO? Crystal Clear",$19.59
"Diego Cigala , Bebo Valdes , et al. ",Lagrimas Negras,$24.87
Fela Kuti ,"London Scene BLUE, RED, & WHITE SPLATTER",$24.87
The Moving Sidewalks ,Flash,$21.49
Various Artists ,Now That's What I Call Christmas / Various,$39.29
Lomond Campbell ,LUP,$14.99
Porcupine Tree ,Signify,$27.99
Alice Cooper ,Killer Audiophile 50th Anniversary Calendar,$30.49
Tommy Castro ,Tommy Castro Presents A Bluesman Came To Town Coke Bottle Green,$21.98
Bobby Gillespie & Jehnny Beth ,Utopian Ashes,$16.99
Lucifer ,Lucifer IV,$39.28
"Emerson, Lake & Palmer ",Out of This World: Live 1970-1997,$143.12
Belinda Carlisle ,Live Your Life Be Free - 30th Anniversary (Amazon Exclusive - 180g Green Vinyl),$76.94
Trijntje Oosterhuis ,Who'll Speak For Love: Burt Bacharach Songbook II Limited Orange,$76.94
Lucinda Williams ,Lu's Jukebox Vol. 5: Have Yourself A Rockin' Little Christmas With Lucinda,$23.49
Tony Allen & Hugh Masekela ,Rejoice,$25.03
The White Stripes ,White Blood Cells 20Th Anniversary/Peppermint Pinwheel I,$47.13
While She Sleeps ,You Are We Clear & Sea Blue Splatter,$27.99
La Oreja De Van Gogh ,Guapa,$36.82
Cody Jinks ,Mercy Opaque,$39.96
World Party ,Goodbye Jumbo,$12.98
Phish ,Joy Red/Purple/Blue,$12.98
Jamie Cullum ,The Pianoman At Christmas,$26.49
Tink ,A Gift and a Curse Red & White Candy Cane Cornetto,$19.99
BENNY THE BUTCHER ,Plugs I Met 2,$22.99
Less Than Jake ,Losing Streak,$14.78
Margo Guryan ,29 Demos GOLD,$32.99
Various Artists ,"It's A Good, Good Feeling: The Latin Soul Of Fania Records",$54.89
Richard Ashcroft ,Acoustic Hymns Vol. 1 Heavyweight 180gm - Black,$28.47
The Joy Formidable ,Into The Blue,$22.99
LOST DOG STREET BAND ,Homeward Bound,$22.99
L.A. Guns ,Checkered Past,$11.99
Various Artists ,Back in Black Redux Various,$23.99
Trashcan Sinatras ,I’ve Seen Everything OPAQUE,$0.08
Cold War Kids ,New Age Norms 3,$26.98
Black Label Society and Zakk Wylde ,Stronger Than Death Clear,$39.98
Nina Simone ,Her Ultimate Collection Limited Yellow,$23.99
CAPCOM SOUND TEAM ,Resident Evil Original Soundtrack,$52.53
All Them Witches ,Sleeping Through The War Orange and Red Swirl,$22.99
Pendulum ,Elemental,$21.98
Black Label Society ,1919 Eternal Opaque,$36.99
Autechre ,Chiastic Slide,$31.99
Eric Clapton ,Lady In The Balcony: Lockdown Sessions [limited edition yellow vinyl],$73.50
Courtney Barnett ,"Things Take Time, Take Time",$33.62
Jah Wobble ,Metal Box - Rebuilt In Dub Silver,$34.98
Berliner Philharmoni Bernstein ,Mahler: Symphony No. 9,$39.98
Endless Boogie ,Admonitions,$28.98
"NOCENTELLI,LEO ",Another Side,$49.99
Dionne Warwick ,A Special Evening With,$23.99
Stacey Kent ,Songs From Other Places,$22.99
Med/Blu/Madlib ,Bad Neighbor,$43.99
Modern Talking ,Back For Good Limited Black & White Marble,$39.99
James Arthur ,It'll All Make Sense In The End Limited Autographed,$22.99
Bad Religion ,Christmas Songs Gold,$27.99
Derek Trucks Band ,Roadsongs Limited Translucent Blue,$34.62
Saliva ,Every Twenty Years,$17.99
Lana Del Rey ,Blue Banisters Transparent White,$28.98
Spiritualized ,Let It Come Down,$27.99
Atmosphere ,Overcast!,$32.91
Mantronix ,Music Madness Black,$23.99
Sweet Trip ,You Will Never Know Why,$15.98
Wye Oak ,Civilian + Cut All the Wires: 2009 - 2011 Green Swirl,$26.99
All Them Witches ,Dying Surfer Meets His Maker,$22.99
Keith Richards ,Run Rudolph Run,$17.43
Gravediggaz ,6 Feet Under Red & Black Splatter,$32.99
Donna Summer ,I'm A Rainbow: Recovered & Recoloured Clear,$36.28
Norah Jones ,I Dream Of Christmas,$36.28
Sum 41 ,Does This Look Infected Red Swirl,$55.69
Susana Baca ,Palabras Urgentes,$17.49
Nikolaus Harnoncourt and Concentus Musicus Wien ,Mozart: Requiem,$24.98
Kottonmouth Kings ,Cloud Nine,$31.49
H.C. McEntire ,From A Compound Eye,$29.98
"Wareham, Dean ",I Have Nothing to Say to the Mayor of L.A.,$22.99
Frozen Soul ,Encased In Ice - EP 2021,$26.98
Mankunku Quartet ,YakhalL' Inkomo,$23.99
Spice Girls ,Spice - 25th Anniversary (‘Sporty’ Yellow Coloured),$39.47
Garbage ,beautifulgarbage 20th Anniversary,$32.99
Johnny Flynn ,Lost in the Cedar Wood,$22.49
Sam Evian ,Time To Melt,$17.99
Hiss Golden Messenger ,O Come All Ye Faithful Bone Green Red Splatter Tri-Color Splatter Effect,$19.99
Nightmares on Wax ,Shoutout! To Freedom...,$29.99
James Arthur ,It'll All Make Sense In The End,$36.00
Life Sex & Death ,Silent Majority Limited Translucent Red,$42.99
Dan Campbell ,Other People's Lives Solid,$19.98
Heart Attack Man ,Thoughtz & Prayerz,$14.99
Cyndi Lauper ,"Merry Christmas…Have a Nice Life! Clear with Red & White ""Candy Cane"" Swirl",$29.99
Yes ,The Quest,$77.00
"Stevenson, Laura ",Laura Stevenson,$22.99
The Velveteers ,Nightmare Daydream,$20.49
Lorrie Morgan ,A Picture of Me - Greatest Hits & More Pink,$23.99
The Connells ,Steadman's Wake,$13.99
Annihilator ,Never Neverland Limited Purple,$27.71
Youth Lagoon ,The Year of Hibernation,$29.98
MØL and Mol ,Diorama,$27.75
Josh Freese ,"Just a Minute, Vol. 1",$22.98
The Weather Station ,Ignorance Deluxe,$37.59
Wolftooth ,Blood & Iron,$20.99
Deep Purple ,Live in Wollongong 2001,$34.99
Tonstartssbandht ,Petunia,$35.33
Cynic ,Ascension Codes,$39.99
Common ,A Beautiful Revolution Pt. 2 Neon Yellow,$20.49
Gaahls WYRD ,The Humming Mountain - Ltd,$23.98
Lock Up ,The Dregs of Hades,$23.99
Megadeth ,A Night In Buenos Aires,$38.99
"TAYLOR,IAN & ADAM BOND & ASHLEIGH BRIDGES ",RuneScape: OSRS - Old School Combat Classics,$45.03
Park Hye Jin ,Before I Die HOT,$25.44
"SUMMER,DONNA ",I'm A Rainbow: Recovered & Recoloured Limited Transparent Blue,$33.99
Chicano Batman ,Cycles Of Existential Rhyme Marbled Magma,$29.79
Chuck Prophet ,No Other Love,$19.99
"Oosterhuis, Trijntje / Metropole Orkest ",Everchanging Times: Burt Bacharach Songbook III Limited Transparent Blue,$39.99
Wanda Jackson ,Encore,$21.98
"Smith/Kotzen, Adrian Smith, Richie Kotzen ",Better Days EP,$23.99
All Them Witches ,Nothing As The Ideal,$24.99
Indigo De Souza ,Any Shape You Take PINK WASH,$19.19
Nils Frahm ,Old Friends New Friends,$31.99
Bush Tetras ,Rhythm & Paranoia: The Best of Bush Tetras,$88.99
Dream Theater ,Lost Not Forgotten Archives: Master of Puppets Ltd. golden,$37.18
Orquesta Akokán ,16 Rayos,$19.99
Yves Tumor ,The Asymptotical World EP,$21.99
Mankunku Quartet ,YakhalL' Inkomo,$23.99
Angel Du$t ,YAK: A Collection Of Truck Songs,$22.49
Bremer Mccoy ,Natten The Night,$19.99
Raven Age ,Exile,$31.54
Clint Mansell ,In The Earth,$18.99
PRIMITIVES ,Lovely Blue,$39.90
Whitesnake ,Restless Heart 2021 Remix,$29.29
Hania Rani/Dobrawa Czocher ,Inner Symphonies,$35.98
Arthur Russell ,Another Thought,$44.95
Slowdive ,Motown Collected / Various White,$41.81
Echo & The Bunnymen ,Crocodiles,$10.00
X Ambassadors ,The Beautiful Liar Marigold,$23.99
Moor Mother and Nicole Mitchell and Moor Mother ,Black Encyclopedia of the Air,$16.58
NRBQ ,Dragnet,$15.20
Il Volo ,Il Volo Sings Morricone,$36.64
Gabor Szabo and Gary McFarland ,Dreams White,$29.99
Light the Torch ,You Will Be The Death of Me Blue Pink w/ Blue Splatter,$23.99
Black Label Society ,Doom Crew Inc Limited White,$40.20
Cannibal Corpse ,Eaten Back To Life,$15.72
Various Artists ,Essiebons Special 1973 - 1984 / Ghana Music Power House,$38.36
Cannibal Corpse ,Butchered At Birth,$38.36
Hayden Thorpe ,Moondust For My Diamond,$21.99
GARBAGE ,Beautiful Garbage,$34.05
King Gizzard & The Lizard Wizard and King Gizzard & the Lizard Wizard ,Teenage Gizzard,$17.98
Too Short ,Life Is Too Short,$20.99
Transatlantic ,The Whirlwind 2021) Black booklet),$34.24
VARIOUS ARTISTS ,"Tokyo Glow - Japanese City Pop, Funk & Boogie Selected By Dj Notoya",$54.10
Autechre ,5,$28.99
MEGA RAN ,Black Materia: The Remake,$42.98
Houses ,Drugstore Heaven,$16.99
Vildhjarta ,måsstaden under vatten,$43.66
MORTIFERUM ,Preserved In Torment,$30.00
Night ,High Tides-distant Skies,$17.99
Dean Blunt ,BLACK METAL 2,$24.49
"BLENN,BORIS ",Berlin Future Lounge,$37.98
Sonny Vincent ,Snake Pit Therapy,$21.98
Hans Zimmer ,No Time To Die [Amazon Exclusive Gold Vinyl],$53.21
Teddy Swims ,A Very Teddy Christmas,$19.99
Ayumi Tanaka/Marthe Stronen ,Bayou,$23.49
Capone-N-Noreaga ,The War Report Clear with Red & Blue Splatter,$46.98
Vanilla Ice ,Ice Ice Baby,$46.98
Children of Bodom ,Hatebreeder,$46.82
Johnny Kidd & the Pirates ,Please Don't Touch!,$39.99
Cibo Matto ,Stereo Type A Limited Turquoise,$34.56
MISSION ,Mission Collected with bonus,$47.16
Pepper ,Pink Crustaceans and Good Vibrations,$19.99
The War on Drugs ,I Don't Live Here Anymore,$63.40
Lou Hayter ,Private Sunshine,$14.23
Scott Lloyd Shelly ,Terraria Original Soundtrack,$101.44
GUIDED BY VOICES ,It's Not Them. It Couldn't Be Them. It Is Them!,$22.98
Various Artists ,Now Yearbook 1984 / Various Limited,$22.98
Sun Ra ,Omniverse,$27.99
Oddisee ,The Good Fight,$26.98
Lucinda Williams ,Lu's Jukebox Vol. 4: Funny How Time Slips Away: A Night of 60's Country Classics,$19.39
Röyksopp ,Lost Tapes Numbered heavyweight,$39.98
Bear McCreary ,God of War Original Video Game Soundtrack,$21.67
Thy Art Is Murder ,Hate Red in Clear,$10.98
Black Label Society and Zakk Wylde ,Mafia Opaque,$33.99
Joey DeFrancesco ,More Music,$27.42
Henry Threadgill Zooid ,Poof,$22.98
Cody Jinks ,Mercy Translcuent Blue W/ Black Swirl,$50.54
Marshall Crenshaw ,#447,$14.95
Echo And The Bunnymen ,Ocean Rain,$39.78
Joseph Spence ,Encore: Unheard Recordings of Bahamian Guitar & Singing,$22.98
My Morning Jacket ,Chapter 2: Learning: Early Recordings,$34.99
Saga ,Full Circle 2021,$17.89
Irreversible Entanglements ,Open The Gates,$32.99
Spice Girls ,Spice - 25th Anniversary (‘Baby’ Pink Coloured),$37.76
Mother Hips ,Glowing Lantern,$24.98
Come ,Don’t Ask Don’t Tell Expanded Edition,$32.99
Feid ,INTER SHIBUYA - LA MAFIA,$23.99
Andra Day ,Merry Christmas from Andra Day,$17.79
Duane Pitre ,Omniscient Voices,$29.99
Lynch Mob ,Wicked Sensation Translucent,$56.98
"MULDAUR,MARIA & TUBA SKINNY ",Let's Get Happy Together,$23.93
"Copeland, King, Cosma & Belew ",Gizmodrome Live,$32.99
The Blasters ,Live 1986,$13.79
VARIOUS ARTISTS ,West Side Story Original Cast Recording Limited Pink & Purple Marbled,$33.89
Makthaverskan ,For Allting Transparent,$22.98
Kaoru Akimoto ,Cologne,$75.99
Sugar Ray ,Lemonade & Brownies,$38.86
Bunbury ,El Puerto,$25.16
Ohio Players ,Fire Fire Red Audiophile Limited Anniversary Edition,$28.99
Windir ,1184 Ltd Ed,$30.46
Morphine ,Cure for Pain Deluxe Edition,$31.98
Jack's Mannequin ,People & Things Black,$32.09
Children of Bodom ,Something Wild,$33.31
Spirit of the Beehive ,Entertainment Death,$22.99
Fred Mollin ,It's Great To Be A Kid,$19.85
Courettes ,Back In Mono,$19.99
Savatage ,Fight For The Rock,$41.51
The Shaggs ,Philosophy Of The World,$41.51
Julie Doiron ,I Thought Of You,$19.98
Siouxsie the & Banshees ,Tinderbox Maroon,$19.98
Chilly Gonzales ,A Very Chilly Christmas,$22.98
Joshua Ray Walker ,See You Next Time,$22.30
Juanes ,Mi Sangre,$11.70
KNIFE ,Knife,$29.99
All Them Witches ,Lightning At The Door,$13.99
Soul Jazz Records presents ,Jackie Mittoo - The Keyboard King at Studio One,$51.96
Purple Disco Machine ,Exotica,$51.83
Steve Earle ,Townes ; Clear,$23.99
City of Prague Philharmonic Orchestra ,The Lord of the Rings Trilogy,$51.12
Lacuna ,Lacuna,$23.99
Paul Gilbert ,'Twas,$22.49
Ray Charles ,Live In Stockholm 1972,$24.95
Low Hum ,Nonfiction,$23.99
Ben MacDougall ,GODFALL: Fire & Darkness Original Video Game Soundtrack Purple,$23.49
"Bartoli, Barenboim, et al. ",Amadeus: The Best Of Mozart,$34.17
Narrow Head ,Satisfaction,$22.99
Paul Weller ,Illumination,$32.99
VARIOUS ARTISTS ,The Suicide Squad Soundtrack,$37.98
My Morning Jacket ,Chapter 1: The Sandworm Cometh: Early Recordings,$34.99
"Polwart, Karine / Milligan, Dave ",Still As Your Sleeping,$47.99
Beatrice Rana ,Chopin etudes Op. 25 - 4 Scherzi,$33.68
Aeon ,God Ends Here,$29.98
VARIOUS ARTISTS ,Very Cool Christmas 3 Limited/1-Translucent Blue & 1-Crystal Clear Insert/Numbered,$42.90
"Emerson, Lake & Palmer ",Pictures At an Exhibition,$24.99
Sweet Trip ,"A Tiny House, In Secret Speeches, Polar Equals Cover Option A",$34.99
The dB's ,I Thought You Wanted To Know: 1978-1981,$28.49
Theocracy ,As the World Bleeds White/Black Marble + Blood,$33.12
Cancer ,Death Shall Rise,$29.00
J Balvin ,JOSE,$34.99
Holly Humberstone ,The Walls Are Way Too Thin,$11.98
Donna Summer ,All Systems Go Translucent Orange,$23.63
MEN I TRUST ,Untourable Album,$20.99
Bad Company ,Holy Water Blue Audiophile,$32.99
Nate Smith ,Kinfolk 2: See the Birds,$22.49
Lindsay Lohan ,A Little More Personal RAW,$17.99
Seong-Jin Cho/Gianandrea Noseda/London Symphony Or ,Chopin: Piano Concerto No. 2; Scherzi,$52.44
Genocide Pact ,Genocide Pact,$19.99
Slade ,Slade in Flame Yellow & Red Splatter,$26.99
"Rush, Jana ",Painful Enlightenment,$26.49
Sylvan Esso ,Sylvan Esso,$26.49
Betontod ,Antirockstars,$55.86
Dream Theater ,Lost Not Forgotten Archives: When Dream And Day Reunite,$13.99
The Chordettes ,Born To Be With You - The Hits,$19.99
Alien Ant Farm ,Smooth Criminal Pink,$15.98
No Bragging Rights ,No Bragging Rights,$19.99
April Wine ,The Whole World's Going Crazy Clear Green with Sky Blue Swirl,$34.10
Tomoko Aran ,Midnight Pretenders / I'm in Love,$34.10
Unanimated ,Victory in Blood,$49.98
"GOU,PEGGY FEAT. OHHYUK ",Nabi,$23.19
SUBURBAN LAWNS ,Suburban Lawns,$23.99
Buck Owens and His Buckaroos ,It's A Monsters' Holiday,$21.35
Curtis Harding ,If Words Were Flowers IEX,$28.99
VARIOUS ARTISTS ,Tv Manga Dragon Ball: Hit Song Collection,$55.26
Khemmis ,Deceiver (White/Black Marbled in Sleeve),$46.48
Motorhead ,The Lost Tapes Vol 1,$34.99
Eros Ramazzotti ,Tutte Storie,$21.28
Rich Brian ,Amen,$28.99
Clinic ,Fantasy Island,$23.99
Hillbilly Moon Explosion ,Buy Beg Or Steal,$18.49
Ibrahim Maalouf ,First Noel,$41.32
Emily Scott Robinson ,American Siren,$17.99
Larkin Poe and Nu Deco Ensemble ,Paint The Roses Live In Concert Orange Crush,$19.99
Hans Zimmer ,No Time to Die (Picture Disc Girl Power),$38.75
Various Artists ,Freddy's Nightmares / Various,$30.98
Primal Scream ,Demodelica,$26.45
Adrian Younge & Ali Shaheed Muhammad ,Roy Ayers JID002,$35.99
Autograph ,Turn Up The Radio - The Anthology,$31.67
Blacktop Mojo ,Blacktop Mojo,$15.89
Shadow Project ,Dreams For The Dying,$29.98
Billie Holiday ,Essential Works 1937-1958,$41.19
Tropical Fuck Storm ,Deep States Teal,$26.98
Krokofant / Stale Storlokken / Ingebrigt Haker ,Fifth,$35.97
Curtis Grimes ,Curtis Grimes,$22.99
RuPaul ,Supermodel of the World,$25.86
PAMELA Z ,Echolocation Natural Swirl,$23.99
Covey ,Class Of Cardinal Sin,$32.77
Various ,Relief - A Benefit for the Jazz Foundation of America's Musicians' Emergency Fund,$31.48
Ryuichi Sakamoto ,Ryuichi Sakamoto: Playing the Piano 12122020 Japanese Set,$57.87
